"DATE","DATE_NAME","DATE_CODE","DATE_TYPE","DATE_TYPECODE","DATE_SORTORDER","GEOGRAPHY","GEOGRAPHY_NAME","GEOGRAPHY_CODE","GEOGRAPHY_TYPE","GEOGRAPHY_TYPECODE","GEOGRAPHY_SORTORDER","C2021_OCCRAT_BEDROOMS_6","C2021_OCCRAT_BEDROOMS_6_NAME","C2021_OCCRAT_BEDROOMS_6_CODE","C2021_OCCRAT_BEDROOMS_6_TYPE","C2021_OCCRAT_BEDROOMS_6_TYPECODE","C2021_OCCRAT_BEDROOMS_6_SORTORDER","MEASURES","MEASURES_NAME","OBS_VALUE","OBS_STATUS","OBS_STATUS_NAME","OBS_CONF","OBS_CONF_NAME","URN","RECORD_OFFSET","RECORD_COUNT"
"2021","2021","2021","date",0,0,"E02000653","Lewisham 001","E02000653","2021 super output areas - middle layer",152,0,"0","Total: All households","0","Occupancy rating for bedrooms",1000000,0,"20100","Value",5293,"A","Normal Value","F","Free (free for publication)","Nm-2070d1d32336e0d637534829d0d20100",0,222
"2021","2021","2021","date",0,0,"E02000653","Lewisham 001","E02000653","2021 super output areas - middle layer",152,0,"1","Occupancy rating of bedrooms: +2 or more","_1","Occupancy rating for bedrooms",1000000,1,"20100","Value",387,"A","Normal Value","F","Free (free for publication)","Nm-2070d1d32336e0d637534829d1d20100",1,222
"2021","2021","2021","date",0,0,"E02000653","Lewisham 001","E02000653","2021 super output areas - middle layer",152,0,"2","Occupancy rating of bedrooms: +1","_2","Occupancy rating for bedrooms",1000000,2,"20100","Value",1326,"A","Normal Value","F","Free (free for publication)","Nm-2070d1d32336e0d637534829d2d20100",2,222
"2021","2021","2021","date",0,0,"E02000653","Lewisham 001","E02000653","2021 super output areas - middle layer",152,0,"3","Occupancy rating of bedrooms: 0","_3","Occupancy rating for bedrooms",1000000,3,"20100","Value",2827,"A","Normal Value","F","Free (free for publication)","Nm-2070d1d32336e0d637534829d3d20100",3,222
"2021","2021","2021","date",0,0,"E02000653","Lewisham 001","E02000653","2021 super output areas - middle layer",152,0,"4","Occupancy rating of bedrooms: -1","_4","Occupancy rating for bedrooms",1000000,4,"20100","Value",574,"A","Normal Value","F","Free (free for publication)","Nm-2070d1d32336e0d637534829d4d20100",4,222
"2021","2021","2021","date",0,0,"E02000653","Lewisham 001","E02000653","2021 super output areas - middle layer",152,0,"5","Occupancy rating of bedrooms: -2 or less","_5","Occupancy rating for bedrooms",1000000,5,"20100","Value",179,"A","Normal Value","F","Free (free for publication)","Nm-2070d1d32336e0d637534829d5d20100",5,222
"2021","2021","2021","date",0,0,"E02000654","Lewisham 002","E02000654","2021 super output areas - middle layer",152,1,"0","Total: All households","0","Occupancy rating for bedrooms",1000000,0,"20100","Value",3596,"A","Normal Value","F","Free (free for publication)","Nm-2070d1d32336e0d637534830d0d20100",6,222
"2021","2021","2021","date",0,0,"E02000654","Lewisham 002","E02000654","2021 super output areas - middle layer",152,1,"1","Occupancy rating of bedrooms: +2 or more","_1","Occupancy rating for bedrooms",1000000,1,"20100","Value",279,"A","Normal Value","F","Free (free for publication)","Nm-2070d1d32336e0d637534830d1d20100",7,222
"2021","2021","2021","date",0,0,"E02000654","Lewisham 002","E02000654","2021 super output areas - middle layer",152,1,"2","Occupancy rating of bedrooms: +1","_2","Occupancy rating for bedrooms",1000000,2,"20100","Value",772,"A","Normal Value","F","Free (free for publication)","Nm-2070d1d32336e0d637534830d2d20100",8,222
"2021","2021","2021","date",0,0,"E02000654","Lewisham 002","E02000654","2021 super output areas - middle layer",152,1,"3","Occupancy rating of bedrooms: 0","_3","Occupancy rating for bedrooms",1000000,3,"20100","Value",1864,"A","Normal Value","F","Free (free for publication)","Nm-2070d1d32336e0d637534830d3d20100",9,222
"2021","2021","2021","date",0,0,"E02000654","Lewisham 002","E02000654","2021 super output areas - middle layer",152,1,"4","Occupancy rating of bedrooms: -1","_4","Occupancy rating for bedrooms",1000000,4,"20100","Value",535,"A","Normal Value","F","Free (free for publication)","Nm-2070d1d32336e0d637534830d4d20100",10,222
"2021","2021","2021","date",0,0,"E02000654","Lewisham 002","E02000654","2021 super output areas - middle layer",152,1,"5","Occupancy rating of bedrooms: -2 or less","_5","Occupancy rating for bedrooms",1000000,5,"20100","Value",146,"A","Normal Value","F","Free (free for publication)","Nm-2070d1d32336e0d637534830d5d20100",11,222
"2021","2021","2021","date",0,0,"E02000655","Lewisham 003","E02000655","2021 super output areas - middle layer",152,2,"0","Total: All households","0","Occupancy rating for bedrooms",1000000,0,"20100","Value",4007,"A","Normal Value","F","Free (free for publication)","Nm-2070d1d32336e0d637534831d0d20100",12,222
"2021","2021","2021","date",0,0,"E02000655","Lewisham 003","E02000655","2021 super output areas - middle layer",152,2,"1","Occupancy rating of bedrooms: +2 or more","_1","Occupancy rating for bedrooms",1000000,1,"20100","Value",319,"A","Normal Value","F","Free (free for publication)","Nm-2070d1d32336e0d637534831d1d20100",13,222
"2021","2021","2021","date",0,0,"E02000655","Lewisham 003","E02000655","2021 super output areas - middle layer",152,2,"2","Occupancy rating of bedrooms: +1","_2","Occupancy rating for bedrooms",1000000,2,"20100","Value",836,"A","Normal Value","F","Free (free for publication)","Nm-2070d1d32336e0d637534831d2d20100",14,222
"2021","2021","2021","date",0,0,"E02000655","Lewisham 003","E02000655","2021 super output areas - middle layer",152,2,"3","Occupancy rating of bedrooms: 0","_3","Occupancy rating for bedrooms",1000000,3,"20100","Value",2135,"A","Normal Value","F","Free (free for publication)","Nm-2070d1d32336e0d637534831d3d20100",15,222
"2021","2021","2021","date",0,0,"E02000655","Lewisham 003","E02000655","2021 super output areas - middle layer",152,2,"4","Occupancy rating of bedrooms: -1","_4","Occupancy rating for bedrooms",1000000,4,"20100","Value",562,"A","Normal Value","F","Free (free for publication)","Nm-2070d1d32336e0d637534831d4d20100",16,222
"2021","2021","2021","date",0,0,"E02000655","Lewisham 003","E02000655","2021 super output areas - middle layer",152,2,"5","Occupancy rating of bedrooms: -2 or less","_5","Occupancy rating for bedrooms",1000000,5,"20100","Value",155,"A","Normal Value","F","Free (free for publication)","Nm-2070d1d32336e0d637534831d5d20100",17,222
"2021","2021","2021","date",0,0,"E02000657","Lewisham 005","E02000657","2021 super output areas - middle layer",152,3,"0","Total: All households","0","Occupancy rating for bedrooms",1000000,0,"20100","Value",3990,"A","Normal Value","F","Free (free for publication)","Nm-2070d1d32336e0d637534832d0d20100",18,222
"2021","2021","2021","date",0,0,"E02000657","Lewisham 005","E02000657","2021 super output areas - middle layer",152,3,"1","Occupancy rating of bedrooms: +2 or more","_1","Occupancy rating for bedrooms",1000000,1,"20100","Value",519,"A","Normal Value","F","Free (free for publication)","Nm-2070d1d32336e0d637534832d1d20100",19,222
"2021","2021","2021","date",0,0,"E02000657","Lewisham 005","E02000657","2021 super output areas - middle layer",152,3,"2","Occupancy rating of bedrooms: +1","_2","Occupancy rating for bedrooms",1000000,2,"20100","Value",961,"A","Normal Value","F","Free (free for publication)","Nm-2070d1d32336e0d637534832d2d20100",20,222
"2021","2021","2021","date",0,0,"E02000657","Lewisham 005","E02000657","2021 super output areas - middle layer",152,3,"3","Occupancy rating of bedrooms: 0","_3","Occupancy rating for bedrooms",1000000,3,"20100","Value",2027,"A","Normal Value","F","Free (free for publication)","Nm-2070d1d32336e0d637534832d3d20100",21,222
"2021","2021","2021","date",0,0,"E02000657","Lewisham 005","E02000657","2021 super output areas - middle layer",152,3,"4","Occupancy rating of bedrooms: -1","_4","Occupancy rating for bedrooms",1000000,4,"20100","Value",355,"A","Normal Value","F","Free (free for publication)","Nm-2070d1d32336e0d637534832d4d20100",22,222
"2021","2021","2021","date",0,0,"E02000657","Lewisham 005","E02000657","2021 super output areas - middle layer",152,3,"5","Occupancy rating of bedrooms: -2 or less","_5","Occupancy rating for bedrooms",1000000,5,"20100","Value",128,"A","Normal Value","F","Free (free for publication)","Nm-2070d1d32336e0d637534832d5d20100",23,222
"2021","2021","2021","date",0,0,"E02000658","Lewisham 006","E02000658","2021 super output areas - middle layer",152,4,"0","Total: All households","0","Occupancy rating for bedrooms",1000000,0,"20100","Value",3459,"A","Normal Value","F","Free (free for publication)","Nm-2070d1d32336e0d637534833d0d20100",24,222
"2021","2021","2021","date",0,0,"E02000658","Lewisham 006","E02000658","2021 super output areas - middle layer",152,4,"1","Occupancy rating of bedrooms: +2 or more","_1","Occupancy rating for bedrooms",1000000,1,"20100","Value",613,"A","Normal Value","F","Free (free for publication)","Nm-2070d1d32336e0d637534833d1d20100",25,222
"2021","2021","2021","date",0,0,"E02000658","Lewisham 006","E02000658","2021 super output areas - middle layer",152,4,"2","Occupancy rating of bedrooms: +1","_2","Occupancy rating for bedrooms",1000000,2,"20100","Value",854,"A","Normal Value","F","Free (free for publication)","Nm-2070d1d32336e0d637534833d2d20100",26,222
"2021","2021","2021","date",0,0,"E02000658","Lewisham 006","E02000658","2021 super output areas - middle layer",152,4,"3","Occupancy rating of bedrooms: 0","_3","Occupancy rating for bedrooms",1000000,3,"20100","Value",1551,"A","Normal Value","F","Free (free for publication)","Nm-2070d1d32336e0d637534833d3d20100",27,222
"2021","2021","2021","date",0,0,"E02000658","Lewisham 006","E02000658","2021 super output areas - middle layer",152,4,"4","Occupancy rating of bedrooms: -1","_4","Occupancy rating for bedrooms",1000000,4,"20100","Value",349,"A","Normal Value","F","Free (free for publication)","Nm-2070d1d32336e0d637534833d4d20100",28,222
"2021","2021","2021","date",0,0,"E02000658","Lewisham 006","E02000658","2021 super output areas - middle layer",152,4,"5","Occupancy rating of bedrooms: -2 or less","_5","Occupancy rating for bedrooms",1000000,5,"20100","Value",92,"A","Normal Value","F","Free (free for publication)","Nm-2070d1d32336e0d637534833d5d20100",29,222
"2021","2021","2021","date",0,0,"E02000659","Lewisham 007","E02000659","2021 super output areas - middle layer",152,5,"0","Total: All households","0","Occupancy rating for bedrooms",1000000,0,"20100","Value",3541,"A","Normal Value","F","Free (free for publication)","Nm-2070d1d32336e0d637534834d0d20100",30,222
"2021","2021","2021","date",0,0,"E02000659","Lewisham 007","E02000659","2021 super output areas - middle layer",152,5,"1","Occupancy rating of bedrooms: +2 or more","_1","Occupancy rating for bedrooms",1000000,1,"20100","Value",671,"A","Normal Value","F","Free (free for publication)","Nm-2070d1d32336e0d637534834d1d20100",31,222
"2021","2021","2021","date",0,0,"E02000659","Lewisham 007","E02000659","2021 super output areas - middle layer",152,5,"2","Occupancy rating of bedrooms: +1","_2","Occupancy rating for bedrooms",1000000,2,"20100","Value",1086,"A","Normal Value","F","Free (free for publication)","Nm-2070d1d32336e0d637534834d2d20100",32,222
"2021","2021","2021","date",0,0,"E02000659","Lewisham 007","E02000659","2021 super output areas - middle layer",152,5,"3","Occupancy rating of bedrooms: 0","_3","Occupancy rating for bedrooms",1000000,3,"20100","Value",1538,"A","Normal Value","F","Free (free for publication)","Nm-2070d1d32336e0d637534834d3d20100",33,222
"2021","2021","2021","date",0,0,"E02000659","Lewisham 007","E02000659","2021 super output areas - middle layer",152,5,"4","Occupancy rating of bedrooms: -1","_4","Occupancy rating for bedrooms",1000000,4,"20100","Value",210,"A","Normal Value","F","Free (free for publication)","Nm-2070d1d32336e0d637534834d4d20100",34,222
"2021","2021","2021","date",0,0,"E02000659","Lewisham 007","E02000659","2021 super output areas - middle layer",152,5,"5","Occupancy rating of bedrooms: -2 or less","_5","Occupancy rating for bedrooms",1000000,5,"20100","Value",36,"A","Normal Value","F","Free (free for publication)","Nm-2070d1d32336e0d637534834d5d20100",35,222
"2021","2021","2021","date",0,0,"E02000660","Lewisham 008","E02000660","2021 super output areas - middle layer",152,6,"0","Total: All households","0","Occupancy rating for bedrooms",1000000,0,"20100","Value",3603,"A","Normal Value","F","Free (free for publication)","Nm-2070d1d32336e0d637534835d0d20100",36,222
"2021","2021","2021","date",0,0,"E02000660","Lewisham 008","E02000660","2021 super output areas - middle layer",152,6,"1","Occupancy rating of bedrooms: +2 or more","_1","Occupancy rating for bedrooms",1000000,1,"20100","Value",447,"A","Normal Value","F","Free (free for publication)","Nm-2070d1d32336e0d637534835d1d20100",37,222
"2021","2021","2021","date",0,0,"E02000660","Lewisham 008","E02000660","2021 super output areas - middle layer",152,6,"2","Occupancy rating of bedrooms: +1","_2","Occupancy rating for bedrooms",1000000,2,"20100","Value",1024,"A","Normal Value","F","Free (free for publication)","Nm-2070d1d32336e0d637534835d2d20100",38,222
"2021","2021","2021","date",0,0,"E02000660","Lewisham 008","E02000660","2021 super output areas - middle layer",152,6,"3","Occupancy rating of bedrooms: 0","_3","Occupancy rating for bedrooms",1000000,3,"20100","Value",1790,"A","Normal Value","F","Free (free for publication)","Nm-2070d1d32336e0d637534835d3d20100",39,222
"2021","2021","2021","date",0,0,"E02000660","Lewisham 008","E02000660","2021 super output areas - middle layer",152,6,"4","Occupancy rating of bedrooms: -1","_4","Occupancy rating for bedrooms",1000000,4,"20100","Value",286,"A","Normal Value","F","Free (free for publication)","Nm-2070d1d32336e0d637534835d4d20100",40,222
"2021","2021","2021","date",0,0,"E02000660","Lewisham 008","E02000660","2021 super output areas - middle layer",152,6,"5","Occupancy rating of bedrooms: -2 or less","_5","Occupancy rating for bedrooms",1000000,5,"20100","Value",56,"A","Normal Value","F","Free (free for publication)","Nm-2070d1d32336e0d637534835d5d20100",41,222
"2021","2021","2021","date",0,0,"E02000661","Lewisham 009","E02000661","2021 super output areas - middle layer",152,7,"0","Total: All households","0","Occupancy rating for bedrooms",1000000,0,"20100","Value",3044,"A","Normal Value","F","Free (free for publication)","Nm-2070d1d32336e0d637534836d0d20100",42,222
"2021","2021","2021","date",0,0,"E02000661","Lewisham 009","E02000661","2021 super output areas - middle layer",152,7,"1","Occupancy rating of bedrooms: +2 or more","_1","Occupancy rating for bedrooms",1000000,1,"20100","Value",668,"A","Normal Value","F","Free (free for publication)","Nm-2070d1d32336e0d637534836d1d20100",43,222
"2021","2021","2021","date",0,0,"E02000661","Lewisham 009","E02000661","2021 super output areas - middle layer",152,7,"2","Occupancy rating of bedrooms: +1","_2","Occupancy rating for bedrooms",1000000,2,"20100","Value",899,"A","Normal Value","F","Free (free for publication)","Nm-2070d1d32336e0d637534836d2d20100",44,222
"2021","2021","2021","date",0,0,"E02000661","Lewisham 009","E02000661","2021 super output areas - middle layer",152,7,"3","Occupancy rating of bedrooms: 0","_3","Occupancy rating for bedrooms",1000000,3,"20100","Value",1253,"A","Normal Value","F","Free (free for publication)","Nm-2070d1d32336e0d637534836d3d20100",45,222
"2021","2021","2021","date",0,0,"E02000661","Lewisham 009","E02000661","2021 super output areas - middle layer",152,7,"4","Occupancy rating of bedrooms: -1","_4","Occupancy rating for bedrooms",1000000,4,"20100","Value",192,"A","Normal Value","F","Free (free for publication)","Nm-2070d1d32336e0d637534836d4d20100",46,222
"2021","2021","2021","date",0,0,"E02000661","Lewisham 009","E02000661","2021 super output areas - middle layer",152,7,"5","Occupancy rating of bedrooms: -2 or less","_5","Occupancy rating for bedrooms",1000000,5,"20100","Value",32,"A","Normal Value","F","Free (free for publication)","Nm-2070d1d32336e0d637534836d5d20100",47,222
"2021","2021","2021","date",0,0,"E02000662","Lewisham 010","E02000662","2021 super output areas - middle layer",152,8,"0","Total: All households","0","Occupancy rating for bedrooms",1000000,0,"20100","Value",3305,"A","Normal Value","F","Free (free for publication)","Nm-2070d1d32336e0d637534837d0d20100",48,222
"2021","2021","2021","date",0,0,"E02000662","Lewisham 010","E02000662","2021 super output areas - middle layer",152,8,"1","Occupancy rating of bedrooms: +2 or more","_1","Occupancy rating for bedrooms",1000000,1,"20100","Value",479,"A","Normal Value","F","Free (free for publication)","Nm-2070d1d32336e0d637534837d1d20100",49,222
"2021","2021","2021","date",0,0,"E02000662","Lewisham 010","E02000662","2021 super output areas - middle layer",152,8,"2","Occupancy rating of bedrooms: +1","_2","Occupancy rating for bedrooms",1000000,2,"20100","Value",907,"A","Normal Value","F","Free (free for publication)","Nm-2070d1d32336e0d637534837d2d20100",50,222
"2021","2021","2021","date",0,0,"E02000662","Lewisham 010","E02000662","2021 super output areas - middle layer",152,8,"3","Occupancy rating of bedrooms: 0","_3","Occupancy rating for bedrooms",1000000,3,"20100","Value",1515,"A","Normal Value","F","Free (free for publication)","Nm-2070d1d32336e0d637534837d3d20100",51,222
"2021","2021","2021","date",0,0,"E02000662","Lewisham 010","E02000662","2021 super output areas - middle layer",152,8,"4","Occupancy rating of bedrooms: -1","_4","Occupancy rating for bedrooms",1000000,4,"20100","Value",331,"A","Normal Value","F","Free (free for publication)","Nm-2070d1d32336e0d637534837d4d20100",52,222
"2021","2021","2021","date",0,0,"E02000662","Lewisham 010","E02000662","2021 super output areas - middle layer",152,8,"5","Occupancy rating of bedrooms: -2 or less","_5","Occupancy rating for bedrooms",1000000,5,"20100","Value",73,"A","Normal Value","F","Free (free for publication)","Nm-2070d1d32336e0d637534837d5d20100",53,222
"2021","2021","2021","date",0,0,"E02000663","Lewisham 011","E02000663","2021 super output areas - middle layer",152,9,"0","Total: All households","0","Occupancy rating for bedrooms",1000000,0,"20100","Value",2817,"A","Normal Value","F","Free (free for publication)","Nm-2070d1d32336e0d637534838d0d20100",54,222
"2021","2021","2021","date",0,0,"E02000663","Lewisham 011","E02000663","2021 super output areas - middle layer",152,9,"1","Occupancy rating of bedrooms: +2 or more","_1","Occupancy rating for bedrooms",1000000,1,"20100","Value",724,"A","Normal Value","F","Free (free for publication)","Nm-2070d1d32336e0d637534838d1d20100",55,222
"2021","2021","2021","date",0,0,"E02000663","Lewisham 011","E02000663","2021 super output areas - middle layer",152,9,"2","Occupancy rating of bedrooms: +1","_2","Occupancy rating for bedrooms",1000000,2,"20100","Value",792,"A","Normal Value","F","Free (free for publication)","Nm-2070d1d32336e0d637534838d2d20100",56,222
"2021","2021","2021","date",0,0,"E02000663","Lewisham 011","E02000663","2021 super output areas - middle layer",152,9,"3","Occupancy rating of bedrooms: 0","_3","Occupancy rating for bedrooms",1000000,3,"20100","Value",1045,"A","Normal Value","F","Free (free for publication)","Nm-2070d1d32336e0d637534838d3d20100",57,222
"2021","2021","2021","date",0,0,"E02000663","Lewisham 011","E02000663","2021 super output areas - middle layer",152,9,"4","Occupancy rating of bedrooms: -1","_4","Occupancy rating for bedrooms",1000000,4,"20100","Value",201,"A","Normal Value","F","Free (free for publication)","Nm-2070d1d32336e0d637534838d4d20100",58,222
"2021","2021","2021","date",0,0,"E02000663","Lewisham 011","E02000663","2021 super output areas - middle layer",152,9,"5","Occupancy rating of bedrooms: -2 or less","_5","Occupancy rating for bedrooms",1000000,5,"20100","Value",55,"A","Normal Value","F","Free (free for publication)","Nm-2070d1d32336e0d637534838d5d20100",59,222
"2021","2021","2021","date",0,0,"E02000665","Lewisham 013","E02000665","2021 super output areas - middle layer",152,10,"0","Total: All households","0","Occupancy rating for bedrooms",1000000,0,"20100","Value",3415,"A","Normal Value","F","Free (free for publication)","Nm-2070d1d32336e0d637534839d0d20100",60,222
"2021","2021","2021","date",0,0,"E02000665","Lewisham 013","E02000665","2021 super output areas - middle layer",152,10,"1","Occupancy rating of bedrooms: +2 or more","_1","Occupancy rating for bedrooms",1000000,1,"20100","Value",808,"A","Normal Value","F","Free (free for publication)","Nm-2070d1d32336e0d637534839d1d20100",61,222
"2021","2021","2021","date",0,0,"E02000665","Lewisham 013","E02000665","2021 super output areas - middle layer",152,10,"2","Occupancy rating of bedrooms: +1","_2","Occupancy rating for bedrooms",1000000,2,"20100","Value",973,"A","Normal Value","F","Free (free for publication)","Nm-2070d1d32336e0d637534839d2d20100",62,222
"2021","2021","2021","date",0,0,"E02000665","Lewisham 013","E02000665","2021 super output areas - middle layer",152,10,"3","Occupancy rating of bedrooms: 0","_3","Occupancy rating for bedrooms",1000000,3,"20100","Value",1350,"A","Normal Value","F","Free (free for publication)","Nm-2070d1d32336e0d637534839d3d20100",63,222
"2021","2021","2021","date",0,0,"E02000665","Lewisham 013","E02000665","2021 super output areas - middle layer",152,10,"4","Occupancy rating of bedrooms: -1","_4","Occupancy rating for bedrooms",1000000,4,"20100","Value",235,"A","Normal Value","F","Free (free for publication)","Nm-2070d1d32336e0d637534839d4d20100",64,222
"2021","2021","2021","date",0,0,"E02000665","Lewisham 013","E02000665","2021 super output areas - middle layer",152,10,"5","Occupancy rating of bedrooms: -2 or less","_5","Occupancy rating for bedrooms",1000000,5,"20100","Value",49,"A","Normal Value","F","Free (free for publication)","Nm-2070d1d32336e0d637534839d5d20100",65,222
"2021","2021","2021","date",0,0,"E02000666","Lewisham 014","E02000666","2021 super output areas - middle layer",152,11,"0","Total: All households","0","Occupancy rating for bedrooms",1000000,0,"20100","Value",2735,"A","Normal Value","F","Free (free for publication)","Nm-2070d1d32336e0d637534840d0d20100",66,222
"2021","2021","2021","date",0,0,"E02000666","Lewisham 014","E02000666","2021 super output areas - middle layer",152,11,"1","Occupancy rating of bedrooms: +2 or more","_1","Occupancy rating for bedrooms",1000000,1,"20100","Value",684,"A","Normal Value","F","Free (free for publication)","Nm-2070d1d32336e0d637534840d1d20100",67,222
"2021","2021","2021","date",0,0,"E02000666","Lewisham 014","E02000666","2021 super output areas - middle layer",152,11,"2","Occupancy rating of bedrooms: +1","_2","Occupancy rating for bedrooms",1000000,2,"20100","Value",773,"A","Normal Value","F","Free (free for publication)","Nm-2070d1d32336e0d637534840d2d20100",68,222
"2021","2021","2021","date",0,0,"E02000666","Lewisham 014","E02000666","2021 super output areas - middle layer",152,11,"3","Occupancy rating of bedrooms: 0","_3","Occupancy rating for bedrooms",1000000,3,"20100","Value",1007,"A","Normal Value","F","Free (free for publication)","Nm-2070d1d32336e0d637534840d3d20100",69,222
"2021","2021","2021","date",0,0,"E02000666","Lewisham 014","E02000666","2021 super output areas - middle layer",152,11,"4","Occupancy rating of bedrooms: -1","_4","Occupancy rating for bedrooms",1000000,4,"20100","Value",222,"A","Normal Value","F","Free (free for publication)","Nm-2070d1d32336e0d637534840d4d20100",70,222
"2021","2021","2021","date",0,0,"E02000666","Lewisham 014","E02000666","2021 super output areas - middle layer",152,11,"5","Occupancy rating of bedrooms: -2 or less","_5","Occupancy rating for bedrooms",1000000,5,"20100","Value",49,"A","Normal Value","F","Free (free for publication)","Nm-2070d1d32336e0d637534840d5d20100",71,222
"2021","2021","2021","date",0,0,"E02000667","Lewisham 015","E02000667","2021 super output areas - middle layer",152,12,"0","Total: All households","0","Occupancy rating for bedrooms",1000000,0,"20100","Value",2523,"A","Normal Value","F","Free (free for publication)","Nm-2070d1d32336e0d637534841d0d20100",72,222
"2021","2021","2021","date",0,0,"E02000667","Lewisham 015","E02000667","2021 super output areas - middle layer",152,12,"1","Occupancy rating of bedrooms: +2 or more","_1","Occupancy rating for bedrooms",1000000,1,"20100","Value",893,"A","Normal Value","F","Free (free for publication)","Nm-2070d1d32336e0d637534841d1d20100",73,222
"2021","2021","2021","date",0,0,"E02000667","Lewisham 015","E02000667","2021 super output areas - middle layer",152,12,"2","Occupancy rating of bedrooms: +1","_2","Occupancy rating for bedrooms",1000000,2,"20100","Value",745,"A","Normal Value","F","Free (free for publication)","Nm-2070d1d32336e0d637534841d2d20100",74,222
"2021","2021","2021","date",0,0,"E02000667","Lewisham 015","E02000667","2021 super output areas - middle layer",152,12,"3","Occupancy rating of bedrooms: 0","_3","Occupancy rating for bedrooms",1000000,3,"20100","Value",742,"A","Normal Value","F","Free (free for publication)","Nm-2070d1d32336e0d637534841d3d20100",75,222
"2021","2021","2021","date",0,0,"E02000667","Lewisham 015","E02000667","2021 super output areas - middle layer",152,12,"4","Occupancy rating of bedrooms: -1","_4","Occupancy rating for bedrooms",1000000,4,"20100","Value",113,"A","Normal Value","F","Free (free for publication)","Nm-2070d1d32336e0d637534841d4d20100",76,222
"2021","2021","2021","date",0,0,"E02000667","Lewisham 015","E02000667","2021 super output areas - middle layer",152,12,"5","Occupancy rating of bedrooms: -2 or less","_5","Occupancy rating for bedrooms",1000000,5,"20100","Value",30,"A","Normal Value","F","Free (free for publication)","Nm-2070d1d32336e0d637534841d5d20100",77,222
"2021","2021","2021","date",0,0,"E02000668","Lewisham 016","E02000668","2021 super output areas - middle layer",152,13,"0","Total: All households","0","Occupancy rating for bedrooms",1000000,0,"20100","Value",2727,"A","Normal Value","F","Free (free for publication)","Nm-2070d1d32336e0d637534842d0d20100",78,222
"2021","2021","2021","date",0,0,"E02000668","Lewisham 016","E02000668","2021 super output areas - middle layer",152,13,"1","Occupancy rating of bedrooms: +2 or more","_1","Occupancy rating for bedrooms",1000000,1,"20100","Value",884,"A","Normal Value","F","Free (free for publication)","Nm-2070d1d32336e0d637534842d1d20100",79,222
"2021","2021","2021","date",0,0,"E02000668","Lewisham 016","E02000668","2021 super output areas - middle layer",152,13,"2","Occupancy rating of bedrooms: +1","_2","Occupancy rating for bedrooms",1000000,2,"20100","Value",868,"A","Normal Value","F","Free (free for publication)","Nm-2070d1d32336e0d637534842d2d20100",80,222
"2021","2021","2021","date",0,0,"E02000668","Lewisham 016","E02000668","2021 super output areas - middle layer",152,13,"3","Occupancy rating of bedrooms: 0","_3","Occupancy rating for bedrooms",1000000,3,"20100","Value",794,"A","Normal Value","F","Free (free for publication)","Nm-2070d1d32336e0d637534842d3d20100",81,222
"2021","2021","2021","date",0,0,"E02000668","Lewisham 016","E02000668","2021 super output areas - middle layer",152,13,"4","Occupancy rating of bedrooms: -1","_4","Occupancy rating for bedrooms",1000000,4,"20100","Value",145,"A","Normal Value","F","Free (free for publication)","Nm-2070d1d32336e0d637534842d4d20100",82,222
"2021","2021","2021","date",0,0,"E02000668","Lewisham 016","E02000668","2021 super output areas - middle layer",152,13,"5","Occupancy rating of bedrooms: -2 or less","_5","Occupancy rating for bedrooms",1000000,5,"20100","Value",36,"A","Normal Value","F","Free (free for publication)","Nm-2070d1d32336e0d637534842d5d20100",83,222
"2021","2021","2021","date",0,0,"E02000669","Lewisham 017","E02000669","2021 super output areas - middle layer",152,14,"0","Total: All households","0","Occupancy rating for bedrooms",1000000,0,"20100","Value",3308,"A","Normal Value","F","Free (free for publication)","Nm-2070d1d32336e0d637534843d0d20100",84,222
"2021","2021","2021","date",0,0,"E02000669","Lewisham 017","E02000669","2021 super output areas - middle layer",152,14,"1","Occupancy rating of bedrooms: +2 or more","_1","Occupancy rating for bedrooms",1000000,1,"20100","Value",562,"A","Normal Value","F","Free (free for publication)","Nm-2070d1d32336e0d637534843d1d20100",85,222
"2021","2021","2021","date",0,0,"E02000669","Lewisham 017","E02000669","2021 super output areas - middle layer",152,14,"2","Occupancy rating of bedrooms: +1","_2","Occupancy rating for bedrooms",1000000,2,"20100","Value",977,"A","Normal Value","F","Free (free for publication)","Nm-2070d1d32336e0d637534843d2d20100",86,222
"2021","2021","2021","date",0,0,"E02000669","Lewisham 017","E02000669","2021 super output areas - middle layer",152,14,"3","Occupancy rating of bedrooms: 0","_3","Occupancy rating for bedrooms",1000000,3,"20100","Value",1425,"A","Normal Value","F","Free (free for publication)","Nm-2070d1d32336e0d637534843d3d20100",87,222
"2021","2021","2021","date",0,0,"E02000669","Lewisham 017","E02000669","2021 super output areas - middle layer",152,14,"4","Occupancy rating of bedrooms: -1","_4","Occupancy rating for bedrooms",1000000,4,"20100","Value",271,"A","Normal Value","F","Free (free for publication)","Nm-2070d1d32336e0d637534843d4d20100",88,222
"2021","2021","2021","date",0,0,"E02000669","Lewisham 017","E02000669","2021 super output areas - middle layer",152,14,"5","Occupancy rating of bedrooms: -2 or less","_5","Occupancy rating for bedrooms",1000000,5,"20100","Value",73,"A","Normal Value","F","Free (free for publication)","Nm-2070d1d32336e0d637534843d5d20100",89,222
"2021","2021","2021","date",0,0,"E02000670","Lewisham 018","E02000670","2021 super output areas - middle layer",152,15,"0","Total: All households","0","Occupancy rating for bedrooms",1000000,0,"20100","Value",2782,"A","Normal Value","F","Free (free for publication)","Nm-2070d1d32336e0d637534844d0d20100",90,222
"2021","2021","2021","date",0,0,"E02000670","Lewisham 018","E02000670","2021 super output areas - middle layer",152,15,"1","Occupancy rating of bedrooms: +2 or more","_1","Occupancy rating for bedrooms",1000000,1,"20100","Value",431,"A","Normal Value","F","Free (free for publication)","Nm-2070d1d32336e0d637534844d1d20100",91,222
"2021","2021","2021","date",0,0,"E02000670","Lewisham 018","E02000670","2021 super output areas - middle layer",152,15,"2","Occupancy rating of bedrooms: +1","_2","Occupancy rating for bedrooms",1000000,2,"20100","Value",730,"A","Normal Value","F","Free (free for publication)","Nm-2070d1d32336e0d637534844d2d20100",92,222
"2021","2021","2021","date",0,0,"E02000670","Lewisham 018","E02000670","2021 super output areas - middle layer",152,15,"3","Occupancy rating of bedrooms: 0","_3","Occupancy rating for bedrooms",1000000,3,"20100","Value",1225,"A","Normal Value","F","Free (free for publication)","Nm-2070d1d32336e0d637534844d3d20100",93,222
"2021","2021","2021","date",0,0,"E02000670","Lewisham 018","E02000670","2021 super output areas - middle layer",152,15,"4","Occupancy rating of bedrooms: -1","_4","Occupancy rating for bedrooms",1000000,4,"20100","Value",299,"A","Normal Value","F","Free (free for publication)","Nm-2070d1d32336e0d637534844d4d20100",94,222
"2021","2021","2021","date",0,0,"E02000670","Lewisham 018","E02000670","2021 super output areas - middle layer",152,15,"5","Occupancy rating of bedrooms: -2 or less","_5","Occupancy rating for bedrooms",1000000,5,"20100","Value",97,"A","Normal Value","F","Free (free for publication)","Nm-2070d1d32336e0d637534844d5d20100",95,222
"2021","2021","2021","date",0,0,"E02000671","Lewisham 019","E02000671","2021 super output areas - middle layer",152,16,"0","Total: All households","0","Occupancy rating for bedrooms",1000000,0,"20100","Value",3682,"A","Normal Value","F","Free (free for publication)","Nm-2070d1d32336e0d637534845d0d20100",96,222
"2021","2021","2021","date",0,0,"E02000671","Lewisham 019","E02000671","2021 super output areas - middle layer",152,16,"1","Occupancy rating of bedrooms: +2 or more","_1","Occupancy rating for bedrooms",1000000,1,"20100","Value",885,"A","Normal Value","F","Free (free for publication)","Nm-2070d1d32336e0d637534845d1d20100",97,222
"2021","2021","2021","date",0,0,"E02000671","Lewisham 019","E02000671","2021 super output areas - middle layer",152,16,"2","Occupancy rating of bedrooms: +1","_2","Occupancy rating for bedrooms",1000000,2,"20100","Value",1123,"A","Normal Value","F","Free (free for publication)","Nm-2070d1d32336e0d637534845d2d20100",98,222
"2021","2021","2021","date",0,0,"E02000671","Lewisham 019","E02000671","2021 super output areas - middle layer",152,16,"3","Occupancy rating of bedrooms: 0","_3","Occupancy rating for bedrooms",1000000,3,"20100","Value",1394,"A","Normal Value","F","Free (free for publication)","Nm-2070d1d32336e0d637534845d3d20100",99,222
"2021","2021","2021","date",0,0,"E02000671","Lewisham 019","E02000671","2021 super output areas - middle layer",152,16,"4","Occupancy rating of bedrooms: -1","_4","Occupancy rating for bedrooms",1000000,4,"20100","Value",240,"A","Normal Value","F","Free (free for publication)","Nm-2070d1d32336e0d637534845d4d20100",100,222
"2021","2021","2021","date",0,0,"E02000671","Lewisham 019","E02000671","2021 super output areas - middle layer",152,16,"5","Occupancy rating of bedrooms: -2 or less","_5","Occupancy rating for bedrooms",1000000,5,"20100","Value",40,"A","Normal Value","F","Free (free for publication)","Nm-2070d1d32336e0d637534845d5d20100",101,222
"2021","2021","2021","date",0,0,"E02000672","Lewisham 020","E02000672","2021 super output areas - middle layer",152,17,"0","Total: All households","0","Occupancy rating for bedrooms",1000000,0,"20100","Value",4203,"A","Normal Value","F","Free (free for publication)","Nm-2070d1d32336e0d637534846d0d20100",102,222
"2021","2021","2021","date",0,0,"E02000672","Lewisham 020","E02000672","2021 super output areas - middle layer",152,17,"1","Occupancy rating of bedrooms: +2 or more","_1","Occupancy rating for bedrooms",1000000,1,"20100","Value",608,"A","Normal Value","F","Free (free for publication)","Nm-2070d1d32336e0d637534846d1d20100",103,222
"2021","2021","2021","date",0,0,"E02000672","Lewisham 020","E02000672","2021 super output areas - middle layer",152,17,"2","Occupancy rating of bedrooms: +1","_2","Occupancy rating for bedrooms",1000000,2,"20100","Value",1071,"A","Normal Value","F","Free (free for publication)","Nm-2070d1d32336e0d637534846d2d20100",104,222
"2021","2021","2021","date",0,0,"E02000672","Lewisham 020","E02000672","2021 super output areas - middle layer",152,17,"3","Occupancy rating of bedrooms: 0","_3","Occupancy rating for bedrooms",1000000,3,"20100","Value",1970,"A","Normal Value","F","Free (free for publication)","Nm-2070d1d32336e0d637534846d3d20100",105,222
"2021","2021","2021","date",0,0,"E02000672","Lewisham 020","E02000672","2021 super output areas - middle layer",152,17,"4","Occupancy rating of bedrooms: -1","_4","Occupancy rating for bedrooms",1000000,4,"20100","Value",459,"A","Normal Value","F","Free (free for publication)","Nm-2070d1d32336e0d637534846d4d20100",106,222
"2021","2021","2021","date",0,0,"E02000672","Lewisham 020","E02000672","2021 super output areas - middle layer",152,17,"5","Occupancy rating of bedrooms: -2 or less","_5","Occupancy rating for bedrooms",1000000,5,"20100","Value",95,"A","Normal Value","F","Free (free for publication)","Nm-2070d1d32336e0d637534846d5d20100",107,222
"2021","2021","2021","date",0,0,"E02000673","Lewisham 021","E02000673","2021 super output areas - middle layer",152,18,"0","Total: All households","0","Occupancy rating for bedrooms",1000000,0,"20100","Value",3495,"A","Normal Value","F","Free (free for publication)","Nm-2070d1d32336e0d637534847d0d20100",108,222
"2021","2021","2021","date",0,0,"E02000673","Lewisham 021","E02000673","2021 super output areas - middle layer",152,18,"1","Occupancy rating of bedrooms: +2 or more","_1","Occupancy rating for bedrooms",1000000,1,"20100","Value",889,"A","Normal Value","F","Free (free for publication)","Nm-2070d1d32336e0d637534847d1d20100",109,222
"2021","2021","2021","date",0,0,"E02000673","Lewisham 021","E02000673","2021 super output areas - middle layer",152,18,"2","Occupancy rating of bedrooms: +1","_2","Occupancy rating for bedrooms",1000000,2,"20100","Value",1018,"A","Normal Value","F","Free (free for publication)","Nm-2070d1d32336e0d637534847d2d20100",110,222
"2021","2021","2021","date",0,0,"E02000673","Lewisham 021","E02000673","2021 super output areas - middle layer",152,18,"3","Occupancy rating of bedrooms: 0","_3","Occupancy rating for bedrooms",1000000,3,"20100","Value",1343,"A","Normal Value","F","Free (free for publication)","Nm-2070d1d32336e0d637534847d3d20100",111,222
"2021","2021","2021","date",0,0,"E02000673","Lewisham 021","E02000673","2021 super output areas - middle layer",152,18,"4","Occupancy rating of bedrooms: -1","_4","Occupancy rating for bedrooms",1000000,4,"20100","Value",204,"A","Normal Value","F","Free (free for publication)","Nm-2070d1d32336e0d637534847d4d20100",112,222
"2021","2021","2021","date",0,0,"E02000673","Lewisham 021","E02000673","2021 super output areas - middle layer",152,18,"5","Occupancy rating of bedrooms: -2 or less","_5","Occupancy rating for bedrooms",1000000,5,"20100","Value",41,"A","Normal Value","F","Free (free for publication)","Nm-2070d1d32336e0d637534847d5d20100",113,222
"2021","2021","2021","date",0,0,"E02000674","Lewisham 022","E02000674","2021 super output areas - middle layer",152,19,"0","Total: All households","0","Occupancy rating for bedrooms",1000000,0,"20100","Value",3057,"A","Normal Value","F","Free (free for publication)","Nm-2070d1d32336e0d637534848d0d20100",114,222
"2021","2021","2021","date",0,0,"E02000674","Lewisham 022","E02000674","2021 super output areas - middle layer",152,19,"1","Occupancy rating of bedrooms: +2 or more","_1","Occupancy rating for bedrooms",1000000,1,"20100","Value",1053,"A","Normal Value","F","Free (free for publication)","Nm-2070d1d32336e0d637534848d1d20100",115,222
"2021","2021","2021","date",0,0,"E02000674","Lewisham 022","E02000674","2021 super output areas - middle layer",152,19,"2","Occupancy rating of bedrooms: +1","_2","Occupancy rating for bedrooms",1000000,2,"20100","Value",883,"A","Normal Value","F","Free (free for publication)","Nm-2070d1d32336e0d637534848d2d20100",116,222
"2021","2021","2021","date",0,0,"E02000674","Lewisham 022","E02000674","2021 super output areas - middle layer",152,19,"3","Occupancy rating of bedrooms: 0","_3","Occupancy rating for bedrooms",1000000,3,"20100","Value",841,"A","Normal Value","F","Free (free for publication)","Nm-2070d1d32336e0d637534848d3d20100",117,222
"2021","2021","2021","date",0,0,"E02000674","Lewisham 022","E02000674","2021 super output areas - middle layer",152,19,"4","Occupancy rating of bedrooms: -1","_4","Occupancy rating for bedrooms",1000000,4,"20100","Value",198,"A","Normal Value","F","Free (free for publication)","Nm-2070d1d32336e0d637534848d4d20100",118,222
"2021","2021","2021","date",0,0,"E02000674","Lewisham 022","E02000674","2021 super output areas - middle layer",152,19,"5","Occupancy rating of bedrooms: -2 or less","_5","Occupancy rating for bedrooms",1000000,5,"20100","Value",82,"A","Normal Value","F","Free (free for publication)","Nm-2070d1d32336e0d637534848d5d20100",119,222
"2021","2021","2021","date",0,0,"E02000675","Lewisham 023","E02000675","2021 super output areas - middle layer",152,20,"0","Total: All households","0","Occupancy rating for bedrooms",1000000,0,"20100","Value",3420,"A","Normal Value","F","Free (free for publication)","Nm-2070d1d32336e0d637534849d0d20100",120,222
"2021","2021","2021","date",0,0,"E02000675","Lewisham 023","E02000675","2021 super output areas - middle layer",152,20,"1","Occupancy rating of bedrooms: +2 or more","_1","Occupancy rating for bedrooms",1000000,1,"20100","Value",998,"A","Normal Value","F","Free (free for publication)","Nm-2070d1d32336e0d637534849d1d20100",121,222
"2021","2021","2021","date",0,0,"E02000675","Lewisham 023","E02000675","2021 super output areas - middle layer",152,20,"2","Occupancy rating of bedrooms: +1","_2","Occupancy rating for bedrooms",1000000,2,"20100","Value",1066,"A","Normal Value","F","Free (free for publication)","Nm-2070d1d32336e0d637534849d2d20100",122,222
"2021","2021","2021","date",0,0,"E02000675","Lewisham 023","E02000675","2021 super output areas - middle layer",152,20,"3","Occupancy rating of bedrooms: 0","_3","Occupancy rating for bedrooms",1000000,3,"20100","Value",1049,"A","Normal Value","F","Free (free for publication)","Nm-2070d1d32336e0d637534849d3d20100",123,222
"2021","2021","2021","date",0,0,"E02000675","Lewisham 023","E02000675","2021 super output areas - middle layer",152,20,"4","Occupancy rating of bedrooms: -1","_4","Occupancy rating for bedrooms",1000000,4,"20100","Value",261,"A","Normal Value","F","Free (free for publication)","Nm-2070d1d32336e0d637534849d4d20100",124,222
"2021","2021","2021","date",0,0,"E02000675","Lewisham 023","E02000675","2021 super output areas - middle layer",152,20,"5","Occupancy rating of bedrooms: -2 or less","_5","Occupancy rating for bedrooms",1000000,5,"20100","Value",46,"A","Normal Value","F","Free (free for publication)","Nm-2070d1d32336e0d637534849d5d20100",125,222
"2021","2021","2021","date",0,0,"E02000676","Lewisham 024","E02000676","2021 super output areas - middle layer",152,21,"0","Total: All households","0","Occupancy rating for bedrooms",1000000,0,"20100","Value",3190,"A","Normal Value","F","Free (free for publication)","Nm-2070d1d32336e0d637534850d0d20100",126,222
"2021","2021","2021","date",0,0,"E02000676","Lewisham 024","E02000676","2021 super output areas - middle layer",152,21,"1","Occupancy rating of bedrooms: +2 or more","_1","Occupancy rating for bedrooms",1000000,1,"20100","Value",750,"A","Normal Value","F","Free (free for publication)","Nm-2070d1d32336e0d637534850d1d20100",127,222
"2021","2021","2021","date",0,0,"E02000676","Lewisham 024","E02000676","2021 super output areas - middle layer",152,21,"2","Occupancy rating of bedrooms: +1","_2","Occupancy rating for bedrooms",1000000,2,"20100","Value",983,"A","Normal Value","F","Free (free for publication)","Nm-2070d1d32336e0d637534850d2d20100",128,222
"2021","2021","2021","date",0,0,"E02000676","Lewisham 024","E02000676","2021 super output areas - middle layer",152,21,"3","Occupancy rating of bedrooms: 0","_3","Occupancy rating for bedrooms",1000000,3,"20100","Value",1184,"A","Normal Value","F","Free (free for publication)","Nm-2070d1d32336e0d637534850d3d20100",129,222
"2021","2021","2021","date",0,0,"E02000676","Lewisham 024","E02000676","2021 super output areas - middle layer",152,21,"4","Occupancy rating of bedrooms: -1","_4","Occupancy rating for bedrooms",1000000,4,"20100","Value",228,"A","Normal Value","F","Free (free for publication)","Nm-2070d1d32336e0d637534850d4d20100",130,222
"2021","2021","2021","date",0,0,"E02000676","Lewisham 024","E02000676","2021 super output areas - middle layer",152,21,"5","Occupancy rating of bedrooms: -2 or less","_5","Occupancy rating for bedrooms",1000000,5,"20100","Value",45,"A","Normal Value","F","Free (free for publication)","Nm-2070d1d32336e0d637534850d5d20100",131,222
"2021","2021","2021","date",0,0,"E02000677","Lewisham 025","E02000677","2021 super output areas - middle layer",152,22,"0","Total: All households","0","Occupancy rating for bedrooms",1000000,0,"20100","Value",2642,"A","Normal Value","F","Free (free for publication)","Nm-2070d1d32336e0d637534851d0d20100",132,222
"2021","2021","2021","date",0,0,"E02000677","Lewisham 025","E02000677","2021 super output areas - middle layer",152,22,"1","Occupancy rating of bedrooms: +2 or more","_1","Occupancy rating for bedrooms",1000000,1,"20100","Value",887,"A","Normal Value","F","Free (free for publication)","Nm-2070d1d32336e0d637534851d1d20100",133,222
"2021","2021","2021","date",0,0,"E02000677","Lewisham 025","E02000677","2021 super output areas - middle layer",152,22,"2","Occupancy rating of bedrooms: +1","_2","Occupancy rating for bedrooms",1000000,2,"20100","Value",673,"A","Normal Value","F","Free (free for publication)","Nm-2070d1d32336e0d637534851d2d20100",134,222
"2021","2021","2021","date",0,0,"E02000677","Lewisham 025","E02000677","2021 super output areas - middle layer",152,22,"3","Occupancy rating of bedrooms: 0","_3","Occupancy rating for bedrooms",1000000,3,"20100","Value",807,"A","Normal Value","F","Free (free for publication)","Nm-2070d1d32336e0d637534851d3d20100",135,222
"2021","2021","2021","date",0,0,"E02000677","Lewisham 025","E02000677","2021 super output areas - middle layer",152,22,"4","Occupancy rating of bedrooms: -1","_4","Occupancy rating for bedrooms",1000000,4,"20100","Value",210,"A","Normal Value","F","Free (free for publication)","Nm-2070d1d32336e0d637534851d4d20100",136,222
"2021","2021","2021","date",0,0,"E02000677","Lewisham 025","E02000677","2021 super output areas - middle layer",152,22,"5","Occupancy rating of bedrooms: -2 or less","_5","Occupancy rating for bedrooms",1000000,5,"20100","Value",65,"A","Normal Value","F","Free (free for publication)","Nm-2070d1d32336e0d637534851d5d20100",137,222
"2021","2021","2021","date",0,0,"E02000678","Lewisham 026","E02000678","2021 super output areas - middle layer",152,23,"0","Total: All households","0","Occupancy rating for bedrooms",1000000,0,"20100","Value",2614,"A","Normal Value","F","Free (free for publication)","Nm-2070d1d32336e0d637534852d0d20100",138,222
"2021","2021","2021","date",0,0,"E02000678","Lewisham 026","E02000678","2021 super output areas - middle layer",152,23,"1","Occupancy rating of bedrooms: +2 or more","_1","Occupancy rating for bedrooms",1000000,1,"20100","Value",513,"A","Normal Value","F","Free (free for publication)","Nm-2070d1d32336e0d637534852d1d20100",139,222
"2021","2021","2021","date",0,0,"E02000678","Lewisham 026","E02000678","2021 super output areas - middle layer",152,23,"2","Occupancy rating of bedrooms: +1","_2","Occupancy rating for bedrooms",1000000,2,"20100","Value",677,"A","Normal Value","F","Free (free for publication)","Nm-2070d1d32336e0d637534852d2d20100",140,222
"2021","2021","2021","date",0,0,"E02000678","Lewisham 026","E02000678","2021 super output areas - middle layer",152,23,"3","Occupancy rating of bedrooms: 0","_3","Occupancy rating for bedrooms",1000000,3,"20100","Value",1048,"A","Normal Value","F","Free (free for publication)","Nm-2070d1d32336e0d637534852d3d20100",141,222
"2021","2021","2021","date",0,0,"E02000678","Lewisham 026","E02000678","2021 super output areas - middle layer",152,23,"4","Occupancy rating of bedrooms: -1","_4","Occupancy rating for bedrooms",1000000,4,"20100","Value",292,"A","Normal Value","F","Free (free for publication)","Nm-2070d1d32336e0d637534852d4d20100",142,222
"2021","2021","2021","date",0,0,"E02000678","Lewisham 026","E02000678","2021 super output areas - middle layer",152,23,"5","Occupancy rating of bedrooms: -2 or less","_5","Occupancy rating for bedrooms",1000000,5,"20100","Value",84,"A","Normal Value","F","Free (free for publication)","Nm-2070d1d32336e0d637534852d5d20100",143,222
"2021","2021","2021","date",0,0,"E02000679","Lewisham 027","E02000679","2021 super output areas - middle layer",152,24,"0","Total: All households","0","Occupancy rating for bedrooms",1000000,0,"20100","Value",3374,"A","Normal Value","F","Free (free for publication)","Nm-2070d1d32336e0d637534853d0d20100",144,222
"2021","2021","2021","date",0,0,"E02000679","Lewisham 027","E02000679","2021 super output areas - middle layer",152,24,"1","Occupancy rating of bedrooms: +2 or more","_1","Occupancy rating for bedrooms",1000000,1,"20100","Value",781,"A","Normal Value","F","Free (free for publication)","Nm-2070d1d32336e0d637534853d1d20100",145,222
"2021","2021","2021","date",0,0,"E02000679","Lewisham 027","E02000679","2021 super output areas - middle layer",152,24,"2","Occupancy rating of bedrooms: +1","_2","Occupancy rating for bedrooms",1000000,2,"20100","Value",912,"A","Normal Value","F","Free (free for publication)","Nm-2070d1d32336e0d637534853d2d20100",146,222
"2021","2021","2021","date",0,0,"E02000679","Lewisham 027","E02000679","2021 super output areas - middle layer",152,24,"3","Occupancy rating of bedrooms: 0","_3","Occupancy rating for bedrooms",1000000,3,"20100","Value",1344,"A","Normal Value","F","Free (free for publication)","Nm-2070d1d32336e0d637534853d3d20100",147,222
"2021","2021","2021","date",0,0,"E02000679","Lewisham 027","E02000679","2021 super output areas - middle layer",152,24,"4","Occupancy rating of bedrooms: -1","_4","Occupancy rating for bedrooms",1000000,4,"20100","Value",278,"A","Normal Value","F","Free (free for publication)","Nm-2070d1d32336e0d637534853d4d20100",148,222
"2021","2021","2021","date",0,0,"E02000679","Lewisham 027","E02000679","2021 super output areas - middle layer",152,24,"5","Occupancy rating of bedrooms: -2 or less","_5","Occupancy rating for bedrooms",1000000,5,"20100","Value",59,"A","Normal Value","F","Free (free for publication)","Nm-2070d1d32336e0d637534853d5d20100",149,222
"2021","2021","2021","date",0,0,"E02000680","Lewisham 028","E02000680","2021 super output areas - middle layer",152,25,"0","Total: All households","0","Occupancy rating for bedrooms",1000000,0,"20100","Value",2913,"A","Normal Value","F","Free (free for publication)","Nm-2070d1d32336e0d637534854d0d20100",150,222
"2021","2021","2021","date",0,0,"E02000680","Lewisham 028","E02000680","2021 super output areas - middle layer",152,25,"1","Occupancy rating of bedrooms: +2 or more","_1","Occupancy rating for bedrooms",1000000,1,"20100","Value",540,"A","Normal Value","F","Free (free for publication)","Nm-2070d1d32336e0d637534854d1d20100",151,222
"2021","2021","2021","date",0,0,"E02000680","Lewisham 028","E02000680","2021 super output areas - middle layer",152,25,"2","Occupancy rating of bedrooms: +1","_2","Occupancy rating for bedrooms",1000000,2,"20100","Value",858,"A","Normal Value","F","Free (free for publication)","Nm-2070d1d32336e0d637534854d2d20100",152,222
"2021","2021","2021","date",0,0,"E02000680","Lewisham 028","E02000680","2021 super output areas - middle layer",152,25,"3","Occupancy rating of bedrooms: 0","_3","Occupancy rating for bedrooms",1000000,3,"20100","Value",1216,"A","Normal Value","F","Free (free for publication)","Nm-2070d1d32336e0d637534854d3d20100",153,222
"2021","2021","2021","date",0,0,"E02000680","Lewisham 028","E02000680","2021 super output areas - middle layer",152,25,"4","Occupancy rating of bedrooms: -1","_4","Occupancy rating for bedrooms",1000000,4,"20100","Value",257,"A","Normal Value","F","Free (free for publication)","Nm-2070d1d32336e0d637534854d4d20100",154,222
"2021","2021","2021","date",0,0,"E02000680","Lewisham 028","E02000680","2021 super output areas - middle layer",152,25,"5","Occupancy rating of bedrooms: -2 or less","_5","Occupancy rating for bedrooms",1000000,5,"20100","Value",42,"A","Normal Value","F","Free (free for publication)","Nm-2070d1d32336e0d637534854d5d20100",155,222
"2021","2021","2021","date",0,0,"E02000681","Lewisham 029","E02000681","2021 super output areas - middle layer",152,26,"0","Total: All households","0","Occupancy rating for bedrooms",1000000,0,"20100","Value",3351,"A","Normal Value","F","Free (free for publication)","Nm-2070d1d32336e0d637534855d0d20100",156,222
"2021","2021","2021","date",0,0,"E02000681","Lewisham 029","E02000681","2021 super output areas - middle layer",152,26,"1","Occupancy rating of bedrooms: +2 or more","_1","Occupancy rating for bedrooms",1000000,1,"20100","Value",760,"A","Normal Value","F","Free (free for publication)","Nm-2070d1d32336e0d637534855d1d20100",157,222
"2021","2021","2021","date",0,0,"E02000681","Lewisham 029","E02000681","2021 super output areas - middle layer",152,26,"2","Occupancy rating of bedrooms: +1","_2","Occupancy rating for bedrooms",1000000,2,"20100","Value",911,"A","Normal Value","F","Free (free for publication)","Nm-2070d1d32336e0d637534855d2d20100",158,222
"2021","2021","2021","date",0,0,"E02000681","Lewisham 029","E02000681","2021 super output areas - middle layer",152,26,"3","Occupancy rating of bedrooms: 0","_3","Occupancy rating for bedrooms",1000000,3,"20100","Value",1277,"A","Normal Value","F","Free (free for publication)","Nm-2070d1d32336e0d637534855d3d20100",159,222
"2021","2021","2021","date",0,0,"E02000681","Lewisham 029","E02000681","2021 super output areas - middle layer",152,26,"4","Occupancy rating of bedrooms: -1","_4","Occupancy rating for bedrooms",1000000,4,"20100","Value",329,"A","Normal Value","F","Free (free for publication)","Nm-2070d1d32336e0d637534855d4d20100",160,222
"2021","2021","2021","date",0,0,"E02000681","Lewisham 029","E02000681","2021 super output areas - middle layer",152,26,"5","Occupancy rating of bedrooms: -2 or less","_5","Occupancy rating for bedrooms",1000000,5,"20100","Value",74,"A","Normal Value","F","Free (free for publication)","Nm-2070d1d32336e0d637534855d5d20100",161,222
"2021","2021","2021","date",0,0,"E02000682","Lewisham 030","E02000682","2021 super output areas - middle layer",152,27,"0","Total: All households","0","Occupancy rating for bedrooms",1000000,0,"20100","Value",3218,"A","Normal Value","F","Free (free for publication)","Nm-2070d1d32336e0d637534856d0d20100",162,222
"2021","2021","2021","date",0,0,"E02000682","Lewisham 030","E02000682","2021 super output areas - middle layer",152,27,"1","Occupancy rating of bedrooms: +2 or more","_1","Occupancy rating for bedrooms",1000000,1,"20100","Value",706,"A","Normal Value","F","Free (free for publication)","Nm-2070d1d32336e0d637534856d1d20100",163,222
"2021","2021","2021","date",0,0,"E02000682","Lewisham 030","E02000682","2021 super output areas - middle layer",152,27,"2","Occupancy rating of bedrooms: +1","_2","Occupancy rating for bedrooms",1000000,2,"20100","Value",851,"A","Normal Value","F","Free (free for publication)","Nm-2070d1d32336e0d637534856d2d20100",164,222
"2021","2021","2021","date",0,0,"E02000682","Lewisham 030","E02000682","2021 super output areas - middle layer",152,27,"3","Occupancy rating of bedrooms: 0","_3","Occupancy rating for bedrooms",1000000,3,"20100","Value",1224,"A","Normal Value","F","Free (free for publication)","Nm-2070d1d32336e0d637534856d3d20100",165,222
"2021","2021","2021","date",0,0,"E02000682","Lewisham 030","E02000682","2021 super output areas - middle layer",152,27,"4","Occupancy rating of bedrooms: -1","_4","Occupancy rating for bedrooms",1000000,4,"20100","Value",350,"A","Normal Value","F","Free (free for publication)","Nm-2070d1d32336e0d637534856d4d20100",166,222
"2021","2021","2021","date",0,0,"E02000682","Lewisham 030","E02000682","2021 super output areas - middle layer",152,27,"5","Occupancy rating of bedrooms: -2 or less","_5","Occupancy rating for bedrooms",1000000,5,"20100","Value",87,"A","Normal Value","F","Free (free for publication)","Nm-2070d1d32336e0d637534856d5d20100",167,222
"2021","2021","2021","date",0,0,"E02000683","Lewisham 031","E02000683","2021 super output areas - middle layer",152,28,"0","Total: All households","0","Occupancy rating for bedrooms",1000000,0,"20100","Value",2724,"A","Normal Value","F","Free (free for publication)","Nm-2070d1d32336e0d637534857d0d20100",168,222
"2021","2021","2021","date",0,0,"E02000683","Lewisham 031","E02000683","2021 super output areas - middle layer",152,28,"1","Occupancy rating of bedrooms: +2 or more","_1","Occupancy rating for bedrooms",1000000,1,"20100","Value",503,"A","Normal Value","F","Free (free for publication)","Nm-2070d1d32336e0d637534857d1d20100",169,222
"2021","2021","2021","date",0,0,"E02000683","Lewisham 031","E02000683","2021 super output areas - middle layer",152,28,"2","Occupancy rating of bedrooms: +1","_2","Occupancy rating for bedrooms",1000000,2,"20100","Value",809,"A","Normal Value","F","Free (free for publication)","Nm-2070d1d32336e0d637534857d2d20100",170,222
"2021","2021","2021","date",0,0,"E02000683","Lewisham 031","E02000683","2021 super output areas - middle layer",152,28,"3","Occupancy rating of bedrooms: 0","_3","Occupancy rating for bedrooms",1000000,3,"20100","Value",1123,"A","Normal Value","F","Free (free for publication)","Nm-2070d1d32336e0d637534857d3d20100",171,222
"2021","2021","2021","date",0,0,"E02000683","Lewisham 031","E02000683","2021 super output areas - middle layer",152,28,"4","Occupancy rating of bedrooms: -1","_4","Occupancy rating for bedrooms",1000000,4,"20100","Value",235,"A","Normal Value","F","Free (free for publication)","Nm-2070d1d32336e0d637534857d4d20100",172,222
"2021","2021","2021","date",0,0,"E02000683","Lewisham 031","E02000683","2021 super output areas - middle layer",152,28,"5","Occupancy rating of bedrooms: -2 or less","_5","Occupancy rating for bedrooms",1000000,5,"20100","Value",54,"A","Normal Value","F","Free (free for publication)","Nm-2070d1d32336e0d637534857d5d20100",173,222
"2021","2021","2021","date",0,0,"E02000685","Lewisham 033","E02000685","2021 super output areas - middle layer",152,29,"0","Total: All households","0","Occupancy rating for bedrooms",1000000,0,"20100","Value",3423,"A","Normal Value","F","Free (free for publication)","Nm-2070d1d32336e0d637534858d0d20100",174,222
"2021","2021","2021","date",0,0,"E02000685","Lewisham 033","E02000685","2021 super output areas - middle layer",152,29,"1","Occupancy rating of bedrooms: +2 or more","_1","Occupancy rating for bedrooms",1000000,1,"20100","Value",667,"A","Normal Value","F","Free (free for publication)","Nm-2070d1d32336e0d637534858d1d20100",175,222
"2021","2021","2021","date",0,0,"E02000685","Lewisham 033","E02000685","2021 super output areas - middle layer",152,29,"2","Occupancy rating of bedrooms: +1","_2","Occupancy rating for bedrooms",1000000,2,"20100","Value",988,"A","Normal Value","F","Free (free for publication)","Nm-2070d1d32336e0d637534858d2d20100",176,222
"2021","2021","2021","date",0,0,"E02000685","Lewisham 033","E02000685","2021 super output areas - middle layer",152,29,"3","Occupancy rating of bedrooms: 0","_3","Occupancy rating for bedrooms",1000000,3,"20100","Value",1393,"A","Normal Value","F","Free (free for publication)","Nm-2070d1d32336e0d637534858d3d20100",177,222
"2021","2021","2021","date",0,0,"E02000685","Lewisham 033","E02000685","2021 super output areas - middle layer",152,29,"4","Occupancy rating of bedrooms: -1","_4","Occupancy rating for bedrooms",1000000,4,"20100","Value",318,"A","Normal Value","F","Free (free for publication)","Nm-2070d1d32336e0d637534858d4d20100",178,222
"2021","2021","2021","date",0,0,"E02000685","Lewisham 033","E02000685","2021 super output areas - middle layer",152,29,"5","Occupancy rating of bedrooms: -2 or less","_5","Occupancy rating for bedrooms",1000000,5,"20100","Value",57,"A","Normal Value","F","Free (free for publication)","Nm-2070d1d32336e0d637534858d5d20100",179,222
"2021","2021","2021","date",0,0,"E02000686","Lewisham 034","E02000686","2021 super output areas - middle layer",152,30,"0","Total: All households","0","Occupancy rating for bedrooms",1000000,0,"20100","Value",3044,"A","Normal Value","F","Free (free for publication)","Nm-2070d1d32336e0d637534859d0d20100",180,222
"2021","2021","2021","date",0,0,"E02000686","Lewisham 034","E02000686","2021 super output areas - middle layer",152,30,"1","Occupancy rating of bedrooms: +2 or more","_1","Occupancy rating for bedrooms",1000000,1,"20100","Value",314,"A","Normal Value","F","Free (free for publication)","Nm-2070d1d32336e0d637534859d1d20100",181,222
"2021","2021","2021","date",0,0,"E02000686","Lewisham 034","E02000686","2021 super output areas - middle layer",152,30,"2","Occupancy rating of bedrooms: +1","_2","Occupancy rating for bedrooms",1000000,2,"20100","Value",768,"A","Normal Value","F","Free (free for publication)","Nm-2070d1d32336e0d637534859d2d20100",182,222
"2021","2021","2021","date",0,0,"E02000686","Lewisham 034","E02000686","2021 super output areas - middle layer",152,30,"3","Occupancy rating of bedrooms: 0","_3","Occupancy rating for bedrooms",1000000,3,"20100","Value",1513,"A","Normal Value","F","Free (free for publication)","Nm-2070d1d32336e0d637534859d3d20100",183,222
"2021","2021","2021","date",0,0,"E02000686","Lewisham 034","E02000686","2021 super output areas - middle layer",152,30,"4","Occupancy rating of bedrooms: -1","_4","Occupancy rating for bedrooms",1000000,4,"20100","Value",345,"A","Normal Value","F","Free (free for publication)","Nm-2070d1d32336e0d637534859d4d20100",184,222
"2021","2021","2021","date",0,0,"E02000686","Lewisham 034","E02000686","2021 super output areas - middle layer",152,30,"5","Occupancy rating of bedrooms: -2 or less","_5","Occupancy rating for bedrooms",1000000,5,"20100","Value",104,"A","Normal Value","F","Free (free for publication)","Nm-2070d1d32336e0d637534859d5d20100",185,222
"2021","2021","2021","date",0,0,"E02000687","Lewisham 035","E02000687","2021 super output areas - middle layer",152,31,"0","Total: All households","0","Occupancy rating for bedrooms",1000000,0,"20100","Value",3456,"A","Normal Value","F","Free (free for publication)","Nm-2070d1d32336e0d637534860d0d20100",186,222
"2021","2021","2021","date",0,0,"E02000687","Lewisham 035","E02000687","2021 super output areas - middle layer",152,31,"1","Occupancy rating of bedrooms: +2 or more","_1","Occupancy rating for bedrooms",1000000,1,"20100","Value",757,"A","Normal Value","F","Free (free for publication)","Nm-2070d1d32336e0d637534860d1d20100",187,222
"2021","2021","2021","date",0,0,"E02000687","Lewisham 035","E02000687","2021 super output areas - middle layer",152,31,"2","Occupancy rating of bedrooms: +1","_2","Occupancy rating for bedrooms",1000000,2,"20100","Value",950,"A","Normal Value","F","Free (free for publication)","Nm-2070d1d32336e0d637534860d2d20100",188,222
"2021","2021","2021","date",0,0,"E02000687","Lewisham 035","E02000687","2021 super output areas - middle layer",152,31,"3","Occupancy rating of bedrooms: 0","_3","Occupancy rating for bedrooms",1000000,3,"20100","Value",1385,"A","Normal Value","F","Free (free for publication)","Nm-2070d1d32336e0d637534860d3d20100",189,222
"2021","2021","2021","date",0,0,"E02000687","Lewisham 035","E02000687","2021 super output areas - middle layer",152,31,"4","Occupancy rating of bedrooms: -1","_4","Occupancy rating for bedrooms",1000000,4,"20100","Value",292,"A","Normal Value","F","Free (free for publication)","Nm-2070d1d32336e0d637534860d4d20100",190,222
"2021","2021","2021","date",0,0,"E02000687","Lewisham 035","E02000687","2021 super output areas - middle layer",152,31,"5","Occupancy rating of bedrooms: -2 or less","_5","Occupancy rating for bedrooms",1000000,5,"20100","Value",72,"A","Normal Value","F","Free (free for publication)","Nm-2070d1d32336e0d637534860d5d20100",191,222
"2021","2021","2021","date",0,0,"E02006783","Lewisham 037","E02006783","2021 super output areas - middle layer",152,32,"0","Total: All households","0","Occupancy rating for bedrooms",1000000,0,"20100","Value",2895,"A","Normal Value","F","Free (free for publication)","Nm-2070d1d32336e0d637540741d0d20100",192,222
"2021","2021","2021","date",0,0,"E02006783","Lewisham 037","E02006783","2021 super output areas - middle layer",152,32,"1","Occupancy rating of bedrooms: +2 or more","_1","Occupancy rating for bedrooms",1000000,1,"20100","Value",361,"A","Normal Value","F","Free (free for publication)","Nm-2070d1d32336e0d637540741d1d20100",193,222
"2021","2021","2021","date",0,0,"E02006783","Lewisham 037","E02006783","2021 super output areas - middle layer",152,32,"2","Occupancy rating of bedrooms: +1","_2","Occupancy rating for bedrooms",1000000,2,"20100","Value",933,"A","Normal Value","F","Free (free for publication)","Nm-2070d1d32336e0d637540741d2d20100",194,222
"2021","2021","2021","date",0,0,"E02006783","Lewisham 037","E02006783","2021 super output areas - middle layer",152,32,"3","Occupancy rating of bedrooms: 0","_3","Occupancy rating for bedrooms",1000000,3,"20100","Value",1149,"A","Normal Value","F","Free (free for publication)","Nm-2070d1d32336e0d637540741d3d20100",195,222
"2021","2021","2021","date",0,0,"E02006783","Lewisham 037","E02006783","2021 super output areas - middle layer",152,32,"4","Occupancy rating of bedrooms: -1","_4","Occupancy rating for bedrooms",1000000,4,"20100","Value",369,"A","Normal Value","F","Free (free for publication)","Nm-2070d1d32336e0d637540741d4d20100",196,222
"2021","2021","2021","date",0,0,"E02006783","Lewisham 037","E02006783","2021 super output areas - middle layer",152,32,"5","Occupancy rating of bedrooms: -2 or less","_5","Occupancy rating for bedrooms",1000000,5,"20100","Value",83,"A","Normal Value","F","Free (free for publication)","Nm-2070d1d32336e0d637540741d5d20100",197,222
"2021","2021","2021","date",0,0,"E02006784","Lewisham 038","E02006784","2021 super output areas - middle layer",152,33,"0","Total: All households","0","Occupancy rating for bedrooms",1000000,0,"20100","Value",3123,"A","Normal Value","F","Free (free for publication)","Nm-2070d1d32336e0d637540742d0d20100",198,222
"2021","2021","2021","date",0,0,"E02006784","Lewisham 038","E02006784","2021 super output areas - middle layer",152,33,"1","Occupancy rating of bedrooms: +2 or more","_1","Occupancy rating for bedrooms",1000000,1,"20100","Value",604,"A","Normal Value","F","Free (free for publication)","Nm-2070d1d32336e0d637540742d1d20100",199,222
"2021","2021","2021","date",0,0,"E02006784","Lewisham 038","E02006784","2021 super output areas - middle layer",152,33,"2","Occupancy rating of bedrooms: +1","_2","Occupancy rating for bedrooms",1000000,2,"20100","Value",888,"A","Normal Value","F","Free (free for publication)","Nm-2070d1d32336e0d637540742d2d20100",200,222
"2021","2021","2021","date",0,0,"E02006784","Lewisham 038","E02006784","2021 super output areas - middle layer",152,33,"3","Occupancy rating of bedrooms: 0","_3","Occupancy rating for bedrooms",1000000,3,"20100","Value",1249,"A","Normal Value","F","Free (free for publication)","Nm-2070d1d32336e0d637540742d3d20100",201,222
"2021","2021","2021","date",0,0,"E02006784","Lewisham 038","E02006784","2021 super output areas - middle layer",152,33,"4","Occupancy rating of bedrooms: -1","_4","Occupancy rating for bedrooms",1000000,4,"20100","Value",296,"A","Normal Value","F","Free (free for publication)","Nm-2070d1d32336e0d637540742d4d20100",202,222
"2021","2021","2021","date",0,0,"E02006784","Lewisham 038","E02006784","2021 super output areas - middle layer",152,33,"5","Occupancy rating of bedrooms: -2 or less","_5","Occupancy rating for bedrooms",1000000,5,"20100","Value",86,"A","Normal Value","F","Free (free for publication)","Nm-2070d1d32336e0d637540742d5d20100",203,222
"2021","2021","2021","date",0,0,"E02006798","Lewisham 039","E02006798","2021 super output areas - middle layer",152,34,"0","Total: All households","0","Occupancy rating for bedrooms",1000000,0,"20100","Value",3773,"A","Normal Value","F","Free (free for publication)","Nm-2070d1d32336e0d637540755d0d20100",204,222
"2021","2021","2021","date",0,0,"E02006798","Lewisham 039","E02006798","2021 super output areas - middle layer",152,34,"1","Occupancy rating of bedrooms: +2 or more","_1","Occupancy rating for bedrooms",1000000,1,"20100","Value",335,"A","Normal Value","F","Free (free for publication)","Nm-2070d1d32336e0d637540755d1d20100",205,222
"2021","2021","2021","date",0,0,"E02006798","Lewisham 039","E02006798","2021 super output areas - middle layer",152,34,"2","Occupancy rating of bedrooms: +1","_2","Occupancy rating for bedrooms",1000000,2,"20100","Value",884,"A","Normal Value","F","Free (free for publication)","Nm-2070d1d32336e0d637540755d2d20100",206,222
"2021","2021","2021","date",0,0,"E02006798","Lewisham 039","E02006798","2021 super output areas - middle layer",152,34,"3","Occupancy rating of bedrooms: 0","_3","Occupancy rating for bedrooms",1000000,3,"20100","Value",1990,"A","Normal Value","F","Free (free for publication)","Nm-2070d1d32336e0d637540755d3d20100",207,222
"2021","2021","2021","date",0,0,"E02006798","Lewisham 039","E02006798","2021 super output areas - middle layer",152,34,"4","Occupancy rating of bedrooms: -1","_4","Occupancy rating for bedrooms",1000000,4,"20100","Value",435,"A","Normal Value","F","Free (free for publication)","Nm-2070d1d32336e0d637540755d4d20100",208,222
"2021","2021","2021","date",0,0,"E02006798","Lewisham 039","E02006798","2021 super output areas - middle layer",152,34,"5","Occupancy rating of bedrooms: -2 or less","_5","Occupancy rating for bedrooms",1000000,5,"20100","Value",129,"A","Normal Value","F","Free (free for publication)","Nm-2070d1d32336e0d637540755d5d20100",209,222
"2021","2021","2021","date",0,0,"E02007008","Lewisham 040","E02007008","2021 super output areas - middle layer",152,35,"0","Total: All households","0","Occupancy rating for bedrooms",1000000,0,"20100","Value",2661,"A","Normal Value","F","Free (free for publication)","Nm-2070d1d32336e0d637540958d0d20100",210,222
"2021","2021","2021","date",0,0,"E02007008","Lewisham 040","E02007008","2021 super output areas - middle layer",152,35,"1","Occupancy rating of bedrooms: +2 or more","_1","Occupancy rating for bedrooms",1000000,1,"20100","Value",108,"A","Normal Value","F","Free (free for publication)","Nm-2070d1d32336e0d637540958d1d20100",211,222
"2021","2021","2021","date",0,0,"E02007008","Lewisham 040","E02007008","2021 super output areas - middle layer",152,35,"2","Occupancy rating of bedrooms: +1","_2","Occupancy rating for bedrooms",1000000,2,"20100","Value",626,"A","Normal Value","F","Free (free for publication)","Nm-2070d1d32336e0d637540958d2d20100",212,222
"2021","2021","2021","date",0,0,"E02007008","Lewisham 040","E02007008","2021 super output areas - middle layer",152,35,"3","Occupancy rating of bedrooms: 0","_3","Occupancy rating for bedrooms",1000000,3,"20100","Value",1650,"A","Normal Value","F","Free (free for publication)","Nm-2070d1d32336e0d637540958d3d20100",213,222
"2021","2021","2021","date",0,0,"E02007008","Lewisham 040","E02007008","2021 super output areas - middle layer",152,35,"4","Occupancy rating of bedrooms: -1","_4","Occupancy rating for bedrooms",1000000,4,"20100","Value",249,"A","Normal Value","F","Free (free for publication)","Nm-2070d1d32336e0d637540958d4d20100",214,222
"2021","2021","2021","date",0,0,"E02007008","Lewisham 040","E02007008","2021 super output areas - middle layer",152,35,"5","Occupancy rating of bedrooms: -2 or less","_5","Occupancy rating for bedrooms",1000000,5,"20100","Value",28,"A","Normal Value","F","Free (free for publication)","Nm-2070d1d32336e0d637540958d5d20100",215,222
"2021","2021","2021","date",0,0,"E02007009","Lewisham 041","E02007009","2021 super output areas - middle layer",152,36,"0","Total: All households","0","Occupancy rating for bedrooms",1000000,0,"20100","Value",3987,"A","Normal Value","F","Free (free for publication)","Nm-2070d1d32336e0d637540959d0d20100",216,222
"2021","2021","2021","date",0,0,"E02007009","Lewisham 041","E02007009","2021 super output areas - middle layer",152,36,"1","Occupancy rating of bedrooms: +2 or more","_1","Occupancy rating for bedrooms",1000000,1,"20100","Value",455,"A","Normal Value","F","Free (free for publication)","Nm-2070d1d32336e0d637540959d1d20100",217,222
"2021","2021","2021","date",0,0,"E02007009","Lewisham 041","E02007009","2021 super output areas - middle layer",152,36,"2","Occupancy rating of bedrooms: +1","_2","Occupancy rating for bedrooms",1000000,2,"20100","Value",914,"A","Normal Value","F","Free (free for publication)","Nm-2070d1d32336e0d637540959d2d20100",218,222
"2021","2021","2021","date",0,0,"E02007009","Lewisham 041","E02007009","2021 super output areas - middle layer",152,36,"3","Occupancy rating of bedrooms: 0","_3","Occupancy rating for bedrooms",1000000,3,"20100","Value",2038,"A","Normal Value","F","Free (free for publication)","Nm-2070d1d32336e0d637540959d3d20100",219,222
"2021","2021","2021","date",0,0,"E02007009","Lewisham 041","E02007009","2021 super output areas - middle layer",152,36,"4","Occupancy rating of bedrooms: -1","_4","Occupancy rating for bedrooms",1000000,4,"20100","Value",487,"A","Normal Value","F","Free (free for publication)","Nm-2070d1d32336e0d637540959d4d20100",220,222
"2021","2021","2021","date",0,0,"E02007009","Lewisham 041","E02007009","2021 super output areas - middle layer",152,36,"5","Occupancy rating of bedrooms: -2 or less","_5","Occupancy rating for bedrooms",1000000,5,"20100","Value",93,"A","Normal Value","F","Free (free for publication)","Nm-2070d1d32336e0d637540959d5d20100",221,222
